gameid,gamename,gamehours
0,Dota 2,4841
1,Team Fortress 2,2323
3,Unturned,1069
4,Left 4 Dead 2,801
8,Counter-Strike,568
10,Terraria,460
11,Portal 2,453
11,Portal 2,453
11,Portal 2,453
12,Warframe,424
13,Portal,417
13,Portal,417
14,Robocraft,407
15,PAYDAY 2,390
16,Borderlands 2,386
17,Half-Life 2,356
18,Heroes & Generals,335
19,War Thunder,303
22,Alien Swarm,289
24,Grand Theft Auto V,269
25,Trove,253
26,DayZ,246
27,No More Room in Hell,230
29,Grand Theft Auto IV,226
32,BioShock Infinite,212
34,PlanetSide 2,210
35,Rust,207
36,Tomb Raider,204
37,Left 4 Dead,204
38,Torchlight II,204
46,Magicka,193
48,Path of Exile,191
49,Killing Floor,191
51,Just Cause 2,186
54,Far Cry 3,181
57,Sniper Elite V2,177
58,Loadout,177
59,Metro 2033,175
60,Euro Truck Simulator 2,171
63,The Binding of Isaac,168
65,Fallout 4,167
69,Arma 3,157
78,Arma 2,147
78,Arma 2,147
78,Arma 2,147
79,Insurgency,146
80,Borderlands,146
81,Dishonored,145
82,Clicker Heroes,144
85,AdVenture Capitalist,141
88,APB Reloaded,138
91,Neverwinter,136
95,Starbound,132
97,Goat Simulator,130
98,Saints Row IV,129
99,The Forest,128
102,Super Meat Boy,125
103,theHunter,124
104,BLOCKADE 3D,120
108,TERA,118
110,Mafia II,116
111,Half-Life,116
121,Dungeon Defenders,111
122,The Walking Dead,111
125,HAWKEN,110
128,Bastion,107
132,Space Engineers,102
134,The Stanley Parable,99
136,Prison Architect,98
137,7 Days to Die,98
138,Natural Selection 2,97
138,Natural Selection 2,97
138,Natural Selection 2,97
140,Realm of the Mad God,96
141,Hotline Miami,94
142,Orcs Must Die! 2,94
143,Day of Defeat,94
145,Defiance,93
146,Max Payne 3,93
147,Cry of Fear,92
150,Besiege,91
151,Kerbal Space Program,90
153,Alan Wake,88
154,Company of Heroes 2,87
155,Banished,87
158,Dungeon Defenders II,85
159,Sleeping Dogs,85
160,LIMBO,84
165,Toribash,83
167,The Mighty Quest For Epic Loot,82
173,SMITE,80
174,Survarium,79
176,Fistful of Frags,79
177,Firefall,78
183,Crusader Kings II,76
185,RIFT,75
186,Torchlight,75
187,Risk of Rain,75
192,L.A. Noire,72
196,Outlast,71
197,Mark of the Ninja,71
198,Game Dev Tycoon,71
200,Magic Duels,70
202,Mass Effect,69
206,Awesomenauts,68
207,Guns of Icarus Online,68
211,Thief,68
213,Scribblenauts Unlimited,67
217,Source Filmmaker,66
221,Planetary Annihilation,66
222,RAGE,66
222,RAGE,66
222,RAGE,66
223,Mortal Kombat Komplete Edition,65
224,Brawlhalla,65
225,Dead Space,65
226,Spiral Knights,64
227,State of Decay,64
228,The Expendabros,64
229,Dino D-Day,64
231,Rogue Legacy,63
233,FINAL FANTASY VII,63
235,Orcs Must Die!,62
236,Tactical Intervention,62
238,Company of Heroes,62
246,sZone-Online,58
247,Titan Quest,58
251,GRID 2,57
252,Saints Row 2,57
254,Mass Effect 2,56
258,How to Survive,56
260,Crysis,55
263,Happy Wars,55
264,SpeedRunners,55
265,This War of Mine,54
266,Gear Up,54
266,Gear Up,54
266,Gear Up,54
270,Star Conflict,54
272,Sniper Elite 3,53
273,Sanctum 2,53
274,F.E.A.R. 3,53
280,Supreme Commander 2,52
281,FEZ,52
284,Hammerwatch,50
285,Universe Sandbox,50
286,POSTAL 2,50
287,Antichamber,50
288,Europa Universalis IV,50
290,Worms Reloaded,50
291,Star Trek Online,50
292,Fishing Planet,49
293,Reus,49
295,WARMODE,49
298,Contagion,49
304,Worms Revolution,48
305,Emily is Away,48
306,Killing Floor 2,48
307,Sakura Clicker,47
310,Stronghold Kingdoms,47
312,Block N Load,46
313,War of the Roses,46
320,Transformice,45
324,The Wolf Among Us,44
328,Red Faction Guerrilla Steam Edition,43
332,Homefront,43
338,Psychonauts,42
341,Pillars of Eternity,41
342,Brick-Force,41
344,Aura Kingdom,41
345,World of Goo,41
346,RACE 07,40
348,Shadowrun Returns,40
349,ArcheAge,40
350,Braid,40
351,Brothers - A Tale of Two Sons,40
353,BIT.TRIP RUNNER,40
355,Duke Nukem Forever,40
359,Resident Evil 6 / Biohazard 6,39
361,Sanctum,39
367,Metro 2033 Redux,38
368,Fallout 3,38
369,The Incredible Adventures of Van Helsing,38
370,Gunpoint,38
374,Mortal Kombat X,38
375,Everlasting Summer,38
376,Deadlight,38
377,Darkest Dungeon,37
378,VVVVVV,37
380,The Escapists,37
384,Project Zomboid,37
385,Stranded Deep,37
397,Only If,36
399,Fable - The Lost Chapters,36
402,Legend of Grimrock,35
404,The Darkness II,35
406,Moonbase Alpha,35
410,Spelunky,34
413,Super Crate Box,34
414,Machinarium,34
416,Transistor,34
418,Grand Theft Auto III,34
420,Codename CURE,34
421,Homeworld Remastered Collection,34
422,To the Moon,34
423,Beat Hazard,34
424,Tropico 5,33
426,WAKFU,33
428,Elite Dangerous,33
431,SpaceChem,33
433,Poker Night at the Inventory,33
437,The Lord of the Rings Online,33
437,The Lord of the Rings Online,33
438,DRAGON BALL XENOVERSE,32
439,Deathmatch Classic,32
440,Skullgirls,32
441,War Inc. Battlezone,32
442,Age of Wonders III,32
444,Shadow Warrior,32
444,Shadow Warrior,32
445,From Dust,32
446,BRINK,32
446,BRINK,32
446,BRINK,32
446,BRINK,32
446,BRINK,32
447,Undertale,32
448,Reign Of Kings,32
450,Nidhogg,32
451,Sonic & All-Stars Racing Transformed,32
455,Dear Esther,31
458,Space Pirates and Zombies,31
461,Ori and the Blind Forest,31
463,Guacamelee! Gold Edition,31
464,Dungeon Siege III,31
465,Guns and Robots,30
467,LEGO The Lord of the Rings,30
469,Enclave,30
472,Overlord II,29
473,The Long Dark,29
474,Cubic Castles,29
475,GRID Autosport,29
477,Two Worlds II,29
478,RPG Maker VX Ace,29
479,Cave Story+,29
480,The Banner Saga,29
481,Gun Monkeys,29
483,Farming Simulator 15,29
484,Mount & Blade,29
486,FINAL FANTASY VIII,29
488,Super Hexagon,29
492,Time Clickers,28
493,Poker Night 2,28
502,Elsword,28
503,Democracy 3,28
505,Depth,27
506,Football Manager 2016,27
507,Hero Siege,27
510,Thomas Was Alone,27
513,Dungeonland,27
515,Fractured Space,27
517,8BitMMO,27
519,Pixel Piracy,26
521,Frozen Synapse,26
522,Dungeons of Dredmor,26
526,Broforce,26
528,Team Fortress Classic,26
529,Vindictus,26
534,The Swapper,26
535,Lara Croft and the Guardian of Light,26
536,Deponia,26
537,Little Inferno,25
540,Mad Max,25
544,Race The Sun,25
545,Remember Me,25
546,Cogs,25
548,Rocksmith 2014,25
551,Verdun,24
552,Tropico 3 - Steam Special Edition,24
554,Test Drive Unlimited 2,24
555,F.E.A.R.,24
555,F.E.A.R.,24
555,F.E.A.R.,24
555,F.E.A.R.,24
555,F.E.A.R.,24
557,Bloodline Champions,24
558,System Shock 2,24
560,Project CARS,24
561,SteamWorld Dig,24
563,DLC Quest,24
564,Lucius,24
565,The Talos Principle,24
566,Dragons and Titans,24
567,Gone Home,24
569,Yet Another Zombie Defense,24
571,DiRT Showdown,23
576,Kingdom Wars,23
578,Ragnarok Online 2,23
581,Stronghold Crusader HD,23
583,Crayon Physics Deluxe,23
586,Echo of Soul,23
587,Creativerse,23
589,Jamestown,22
592,Osmos,22
594,One Finger Death Punch,22
595,Child of Light,22
600,DEFCON,22
601,Warlock - Master of the Arcane,22
604,Relic Hunters Zero,22
605,The Vanishing of Ethan Carter,21
608,Boring Man - Online Tactical Stickman Combat,21
609,THE KING OF FIGHTERS XIII STEAM EDITION,21
610,Hearts of Iron III,21
611,Champions Online,21
612,Car Mechanic Simulator 2014,21
613,MapleStory,21
614,Ricochet,21
615,Worms Armageddon,21
616,Stronghold HD,21
616,Stronghold HD,21
616,Stronghold HD,21
617,Primal Carnage,21
618,Really Big Sky,21
619,METAL SLUG 3,21
621,EVE Online,21
622,Rock of Ages,20
625,Game of Thrones - A Telltale Games Series,20
626,Card Hunter,20
627,The Bridge,20
628,Caster,20
632,Toki Tori,20
636,DOOM 3,20
637,NBA 2K15,20
638,HuniePop,20
640,La Tale,19
644,Cities in Motion 2,19
645,Gratuitous Space Battles,19
646,StarForge,19
647,Strike Suit Zero,19
648,Dead Bits,19
649,Monday Night Combat,19
649,Monday Night Combat,19
654,DiRT 3 Complete Edition,19
655,Two Worlds Epic Edition,19
656,MicroVolts Surge,19
657,You Have to Win the Game,19
658,McPixel,19
660,BeamNG.drive,18
661,Villagers and Heroes,18
663,Teeworlds,18
664,Driver San Francisco,18
665,Resident Evil Revelations / Biohazard Revelations,18
666,DiRT Rally,18
669,Evoland,18
671,Shatter,18
672,Assetto Corsa,18
673,Devil May Cry 4,18
676,3DMark,18
678,Tabletop Simulator,18
684,Knights and Merchants,18
686,Tower Wars,18
687,Supreme Commander,18
689,The Culling Of The Cows,17
695,Magicite,17
698,Panzar,17
699,Shadowgrounds,17
701,Fable Anniversary,17
707,The Testament of Sherlock Holmes,17
708,Penumbra Overture,17
709,Omerta - City of Gangsters,17
711,Costume Quest,17
716,Botanicula,16
717,Shank,16
717,Shank,16
717,Shank,16
722,Magicka 2,16
725,The Evil Within,16
726,Max Payne,16
727,NBA 2K14,16
728,Zeno Clash,16
729,Broken Age,16
733,The Secret World,16
735,Velvet Sundown,16
736,Solar 2,16
737,DCS World,16
739,Copa Petrobras de Marcas,16
740,Crypt of the NecroDancer,16
744,Batla,15
749,NEOTOKYO,15
752,Galactic Civilizations III,15
757,Medieval Engineers,15
759,Mount Your Friends,15
760,And Yet It Moves,15
761,Craft The World,15
763,Painkiller Hell & Damnation,15
765,Stronghold Crusader 2,15
766,Cities XL Platinum,15
767,Revenge of the Titans,15
771,Long Live The Queen,15
772,Tales from the Borderlands,15
773,Floating Point,15
775,Blocks That Matter,15
777,Godus,15
784,The Showdown Effect,14
785,Eldevin,14
786,Fuse,14
787,CastleMiner Z,14
788,Victoria II,14
789,Shovel Knight,14
796,The Incredible Adventures of Van Helsing II,14
797,HOARD,14
798,Uplink,14
800,resident evil 4 / biohazard 4,14
802,Resident Evil Revelations 2 / Biohazard Revelations 2,14
807,World of Soccer online,14
808,King Arthur - The Role-playing Wargame,14
810,Shank 2,14
811,The Cave,14
816,Nation Red,13
817,Serious Sam 2,13
818,Grim Fandango Remastered,13
819,CastleStorm,13
820,Gish,13
821,Grim Dawn,13
822,God Mode,13
826,Grimm,13
829,Polarity,13
830,Endless Sky,13
832,Soldier Front 2,13
834,Tomb Raider I,13
835,Rochard,13
836,SOMA,13
839,Altitude,13
840,The Guild II,13
842,Starpoint Gemini 2,13
844,Stealth Bastard Deluxe,13
846,Woodle Tree Adventures,13
847,A Game of Thrones - Genesis,13
848,FaceRig,13
851,Risen,13
852,Subnautica,13
853,Worms Ultimate Mayhem,13
854,Door Kickers,13
858,Hacker Evolution,13
859,BIT.TRIP BEAT,13
860,Car Mechanic Simulator 2015,13
861,Savage Lands,13
862,Genesis Online,13
863,Bloody Trapland,13
864,Deadpool,13
870,The Plan,13
871,Peggle Deluxe,13
872,Dragon Nest,13
875,Xenonauts,12
876,Darwinia,12
879,Poly Bridge,12
880,Town of Salem,12
882,Greed Corp,12
885,Grey Goo,12
888,Blade Symphony,12
891,NBA 2K16,12
893,Sacred 2 Gold,12
894,Grow Home,12
895,Krater,12
898,Mountain,12
901,Heroes of Might & Magic V,12
902,A Virus Named TOM,12
903,Mortal Online,12
904,Devilian,12
905,Worms Clan Wars,12
906,Just Cause,12
907,Blackguards,12
908,EDGE,12
909,Lethal League,12
912,F1 2013,12
914,Steel Ocean,12
915,Planet Explorers,12
916,SolForge,12
917,Plain Sight,12
920,Soccer Manager 2016,12
921,Soccer Manager 2015,12
922,Canyon Capers,12
923,Squishy the Suicidal Pig,12
924,Stacking,12
926,Geometry Dash,12
927,Ticket to Ride,12
932,Always Sometimes Monsters,12
934,Evil Genius,12
935,The Guild II Renaissance,12
936,Nuclear Dawn,12
937,Need for Speed Undercover,12
941,HIS (Heroes In the Sky),11
942,Cities in Motion,11
944,Gnomoria,11
945,Battle Islands,11
947,Wings of Prey,11
951,Dungeon Siege,11
953,Pinball FX2,11
956,Post Apocalyptic Mayhem,11
959,Anna - Extended Edition,11
961,Viscera Cleanup Detail,11
962,Sakura Spirit,11
965,Minimum,11
968,Proteus,11
970,Demigod,11
972,I am Bread,11
973,Nuclear Throne,11
974,Resident Evil / biohazard HD REMASTER,11
975,Quantum Conundrum,11
976,War for the Overworld,11
980,The Ball,11
981,Return to Castle Wolfenstein,11
982,Port Royale 3,11
985,Dragomon Hunter,11
986,Vessel,11
991,Waking Mars,10
992,Waveform,10
994,Aliens versus Predator Classic 2000,10
998,StarDrive,10
1000,Interstellar Marines,10
1001,Racer 8,10
1003,Intrusion 2,10
1005,Out There Somewhere,10
1006,Before the Echo,10
1007,Rebel Galaxy,10
1009,Capsized,10
1010,Battlestations Pacific,10
1011,Angry Video Game Nerd Adventures,10
1012,Battlepaths,10
1013,ArcaniA,10
1015,Mercenary Kings,10
1016,Revolution Ace,10
1017,X-Blades,10
1019,Chaos on Deponia,10
1020,Strike Vector,10
1021,Rise of the Triad,10
1022,Anarchy Arcade,10
1023,LUFTRAUSERS,10
1025,Robot Roller-Derby Disco Dodgeball,10
1027,Full Mojo Rampage,10
1028,GRAV,10
1029,Legendary,10
1030,Damned,10
1031,Eets Munchies,10
1032,Guardians of Middle-earth,10
1033,They Bleed Pixels,10
1034,Ultimate Tic-Tac-Toe,10
1035,Sang-Froid - Tales of Werewolves,10
1036,Uncrowded,10
1037,NightSky,10
1038,EVGA PrecisionX 16,10
1042,Castle Story,10
1043,Piercing Blow,10
1046,Pinball Arcade,10
1048,Grand Theft Auto,10
1050,Earth 2160,10
1051,Sniper Elite,10
1052,Pool Nation,10
1058,Shoot Many Robots,9
1059,Tap Tap Infinity,9
1060,POSTAL,9
1061,Wild Warfare,9
1063,Memories of a Vagabond,9
1070,Toki Tori 2+,9
1073,Train Fever,9
1075,Hurtworld,9
1076,Shadow Warrior Classic Redux,9
1077,The Book of Unwritten Tales,9
1082,I Am Alive,9
1083,Home,9
1084,Shift 2 Unleashed,9
1087,Renegade Ops,9
1088,Oil Rush,9
1090,SkyDrift,9
1093,Marvel Puzzle Quest,9
1094,METAL SLUG DEFENSE,9
1095,Sparkle 2 Evo,9
1098,Professional Farmer 2014,9
1099,Gang Beasts,9
1100,CroNix,9
1101,Dungeon Defenders Eternity,9
1103,Dead Realm,9
1107,DUNGEONS - Steam Special Edition,9
1109,100% Orange Juice,9
1112,Run and Fire,9
1115,LYNE,9
1116,Scania Truck Driving Simulator,9
1117,RUSH,9
1119,Royal Quest,9
1120,Running Shadow,9
1122,Kingdom Rush,9
1123,NEKOPARA Vol. 1,9
1124,Keep Talking and Nobody Explodes,9
1127,Insanely Twisted Shadow Planet,8
1128,the static speaks my name,8
1129,Cubemen,8
1132,FlatOut,8
1133,Echoes+,8
1135,Narcissu 1st & 2nd,8
1137,Anno Online,8
1138,Red Faction,8
1140,Planetbase,8
1141,RADical ROACH Deluxe Edition,8
1145,Farming Simulator 2011,8
1147,RPG MO,8
1148,Jazzpunk,8
1149,EasyAntiCheat eSports,8
1150,Electronic Super Joy,8
1154,Outland,8
1161,The Four Kings Casino and Slots,8
1162,Unreal Gold,8
1163,Euro Truck Simulator,8
1164,Prime World,8
1169,F1 2014,8
1170,Victim of Xen,8
1171,Space Run,8
1172,Black Mesa,8
1174,BEEP,8
1177,Magic Barrage - Bitferno,8
1178,Papo & Yo,8
1184,Portal 2 - The Final Hours,8
1188,Frozen Hearth,8
1194,Strike Suit Infinity,8
1200,Chip,7
1202,Bound By Flame,7
1204,MX vs. ATV Reflex,7
1206,Might & Magic Heroes Online,7
1208,Metal Reaper Online,7
1209,Chime,7
1213,Blockstorm,7
1214,Quake III Arena,7
1216,Blockland,7
1217,Binary Domain,7
1218,Legend of Grimrock 2,7
1225,Kentucky Route Zero,7
1228,Bridge Project,7
1229,Miasmata,7
1230,Sonic CD,7
1232,Audiosurf 2,7
1235,Smashmuck Champions,7
1236,Golden Rush,7
1238,Urban Trial Freestyle,7
1239,Sine Mora,7
1243,Sigils of Elohim,7
1246,Duck Game,7
1247,Sacred Citadel,7
1249,Shadowgrounds Survivor,7
1253,Gunscape,7
1255,DogFighter,7
1261,Gems of War,7
1262,Spacebase DF-9,7
1266,The Longest Journey,7
1270,The Misadventures of P.B. Winterbottom,7
1272,Tales of Zestiria,7
1273,The Path,7
1274,Take On Helicopters,7
1276,Syberia,7
1278,Eternal Senia,7
1279,Crusaders of the Lost Idols,7
1281,Apotheon Arena,7
1282,Aquaria,7
1283,Empyrion - Galactic Survival,7
1286,Front Mission Evolved,7
1289,TowerFall Ascension,7
1290,Toy Soldiers,7
1293,Goodbye Deponia,7
1293,Goodbye Deponia,7
1294,12 Labours of Hercules,7
1295,Closure,7
1296,X Rebirth,7
1297,Ys Origin,7
1298,Dead Pixels,7
1300,Dead Effect,7
1301,Hammerfight,7
1303,A Bird Story,7
1304,Rustbucket Rumble,7
1305,Hatoful Boyfriend,7
1306,Receiver,7
1308,404Sight,7
1309,Hatred,7
1310,Bridge Constructor,6
1314,Edge of Space,6
1316,Legend of Dungeon,6
1317,Stonehearth,6
1319,Frontline Tactics,6
1320,Freedom Force,6
1321,Never Alone (Kisima Ingitchuna),6
1322,Confrontation,6
1323,Towns,6
1325,Particula,6
1328,LISA,6
1329,Gemini Rue,6
1330,Speedball 2 HD,6
1338,Eador. Masters of the Broken World,6
1341,Deepworld,6
1342,Sacred 3,6
1344,Reassembly,6
1345,All Is Dust,6
1348,Rampage Knights,6
1350,Infested Planet,6
1351,Boson X,6
1352,Fairy Bloom Freesia,6
1353,Among the Sleep,6
1354,Betrayer,6
1355,The Jackbox Party Pack,6
1356,Offworld Trading Company,6
1357,F1 2015,6
1358,Of Orcs And Men,6
1359,Lunar Flight,6
1360,FINAL FANTASY III,6
1363,The Baconing,6
1364,TerraTech,6
1368,Mini Metro,6
1369,Overcast - Walden and the Werewolf,6
1370,Swords and Soldiers HD,6
1372,Cortex Command,6
1378,The Tiny Bang Story,6
1379,Final DOOM,6
1380,Iron Brigade,6
1381,Fate of the World,6
1382,Space Hulk,6
1383,Gas Guzzlers Extreme,6
1384,Get Off My Lawn!,6
1386,Multiwinia,6
1388,Bionic Dues,6
1390,Grand Theft Auto 2,6
1391,Bus Driver,6
1392,Wizorb,6
1393,Gravilon,6
1394,Viridi,6
1395,Chains,6
1396,Mechanic Escape,6
1397,AaaaaAAaaaAAAaaAAAAaAAAAA!!! for the Awesome,6
1398,NEKOPARA Vol. 0,6
1399,KickBeat Steam Edition,6
1401,A Valley Without Wind,6
1404,Windward,6
1406,Windosill,6
1408,NBA 2K13,6
1410,Knights of Honor,6
1412,Serena,6
1413,Adventures of Shuggy,6
1414,Warside,6
1415,Saira,6
1416,Dungeons 2,6
1417,Silent Hill Homecoming,6
1418,Rise of Venice,6
1420,Blades of Time,6
1422,Skyborn,6
1423,Sonic Adventure DX,6
1425,Road Redemption,6
1428,Blood Bowl 2,6
1430,Sinister City,6
1434,Rise of Flight United,6
1435,Sacred Gold,6
1436,Divekick,6
1438,Why So Evil,5
1440,Evochron Mercenary,5
1442,Alien Rage - Unlimited,5
1443,Mabinogi,5
1447,Distance,5
1448,1... 2... 3... KICK IT! (Drop That Beat Like an Ugly Baby),5
1449,NotGTAV,5
1450,AaAaAA!!! - A Reckless Disregard for Gravity,5
1452,The Maw,5
1456,F1 2011,5
1457,Murder Miners,5
1458,The Settlers Online,5
1459,140,5
1465,99 Levels To Hell,5
1469,Majesty 2,5
1471,Majesty 2 Collection,5
1473,March of the Eagles,5
1476,Dwarfs!?,5
1477,60 Seconds!,5
1478,Zombie Army Trilogy,5
1479,DETOUR,5
1482,WWE 2K15,5
1484,Abyss Odyssey,5
1485,ibb & obb,5
1487,The Wonderful End of the World,5
1488,Epigenesis,5
1489,Thirty Flights of Loving,5
1490,AirBuccaneers,5
1492,Enemy Front,5
1493,Airline Tycoon 2,5
1494,Dreamfall Chapters,5
1496,Missing Translation,5
1498,The Forgotten Ones,5
1502,Arma Tactics,5
1504,Hero Academy,5
1505,Sheltered,5
1507,Steam Marines,5
1508,Heroes of Scene,5
1510,Shelter,5
1511,StarMade,5
1512,Freedom Planet,5
1520,Landmark,5
1524,GooCubelets,5
1526,Go! Go! Nippon! ~My First Trip to Japan~,5
1527,Snuggle Truck,5
1528,Software Inc.,5
1533,Passing Pineview Forest,5
1534,Peggle Extreme,5
1535,Spirits,5
1536,Arx Fatalis,5
1538,La-Mulana,5
1538,La-Mulana,5
1539,Shoppe Keep,5
1540,Her Story,5
1541,Audition Online,5
1542,Color Symphony,5
1546,Savant - Ascent,5
1548,The Basement Collection,5
1549,Sengoku,5
1552,One Way Heroics,5
1553,HIT,5
1554,Screencheat,5
1557,Faerie Solitaire,5
1563,Railroad Tycoon 3,5
1564,Apotheon,5
1565,KnightShift,5
1566,Jagged Alliance - Back in Action,5
1567,Shadow Warrior Classic (1997),5
1570,Hospital Tycoon,5
1573,Overgrowth,5
1574,Guncraft,5
1575,Jet Gunner,5
1576,Little Racers STREET,5
1577,Anomaly 2,5
1578,Satellite Reign,5
1579,QuestRun,5
1580,Bleed,5
1582,Fight The Dragon,5
1583,Puzzle Agent,5
1588,MASSIVE CHALICE,4
1591,Dead Horde,4
1592,Impire,4
1593,Imperium Romanum Gold Edition,4
1599,DeathSpank,4
1599,DeathSpank,4
1599,DeathSpank,4
1606,Depression Quest,4
1607,Cities XXL,4
1608,Despair,4
1609,Horizon,4
1612,Destination Sol,4
1613,Holy Potatoes! A Weapon Shop?!,4
1614,Hacknet,4
1618,Kenshi,4
1623,Epic Battle Fantasy 4,4
1624,Folk Tale,4
1625,Flight Control HD,4
1630,Fingered,4
1632,Final Exam,4
1634,Fearless Fantasy,4
1635,Enemy Mind,4
1638,Fallen Enchantress,4
1640,Fairy Fencer F,4
1642,Lume,4
1645,Camera Obscura,4
1646,Crazy Machines 2,4
1647,Epic Arena,4
1648,Fortix,4
1649,Coffin Dodgers,4
1650,GameGuru,4
1654,Krosmaster Arena,4
1654,Krosmaster Arena,4
1662,Galcon Legends,4
1664,Galcon Fusion,4
1665,Lakeview Cabin Collection,4
1666,Curse of Mermos,4
1668,Frozen Synapse Prime,4
1673,Eldritch,4
1674,Foul Play,4
1678,Bob Came in Pieces,4
1680,Sakura Angels,4
1681,Among Ripples,4
1683,PARTICLE MACE,4
1684,The Fall,4
1685,Runestone Keeper,4
1686,The Howler,4
1687,Painkiller Overdose,4
1688,The Last Federation,4
1689,Painkiller Redemption,4
1690,Rodina,4
1692,Robotex,4
1693,The Novelist,4
1694,The Old Tree,4
1695,Battle Battalions,4
1697,Aberoth,4
1699,Orbital Gear,4
1700,Nihilumbra,4
1701,The Cat Lady,4
1706,Worms Crazy Golf,4
1709,Temper Tantrum,4
1710,Borealis,4
1712,Obulis,4
1713,Serious Sam Double D XXL,4
1714,A Story About My Uncle,4
1715,Axiom Verge,4
1720,Wickland,4
1722,Rivals of Aether,4
1723,The Raven - Legacy of a Master Thief,4
1725,Velvet Assassin,4
1727,Vanguard Princess,4
1728,Rag Doll Kung Fu,4
1731,Ultratron,4
1732,Tomb Raider II,4
1734,Tower of Guns,4
1736,Quintet,4
1745,Titan Souls,4
1746,Vertiginous Golf,4
1747,Volgarr the Viking,4
1748,Risen 3 - Titan Lords,4
1749,Party of Sin,4
1750,The Room,4
1753,Perpetuum,4
1754,WORLD END ECONOMiCA episode.01,4
1756,The Treasures of Montezuma 4,4
1758,Plug & Play,4
1764,Tidalis,4
1765,Pox Nora,4
1766,Breach & Clear,4
1768,Trapped Dead,4
1769,iBomber Defense Pacific,4
1770,Zen Bound 2,4
1772,Survivalist,4
1773,Brilliant Bob,4
1775,4 Elements,4
1776,Skulls of the Shogun,4
1777,Anoxemia,4
1778,NEO Scavenger,4
1779,Monopoly,4
1781,Small World 2,4
1782,Spectraball,4
1783,Morphopolis,4
1784,Swipecart,4
1786,TDP5 Arena 3D,4
1788,Take On Mars,4
1791,X-Plane 10 Global - 64 Bit,4
1792,StarDrive 2,4
1794,Space Hack,4
1795,Nexuiz,4
1797,Street Fighter X Tekken,4
1798,Space Hulk Ascension,4
1799,Ziggurat,4
1800,Miscreated,4
1801,Super Sanctum TD,4
1803,Space Farmers,4
1804,Symphony,4
1808,Bejeweled 2 Deluxe,3
1810,Splice,3
1813,Super Amazing Wagon Adventure,3
1816,Genesis Rising,3
1817,Red Faction II,3
1818,Escape Goat,3
1819,Super House of Dead Ninjas,3
1821,Spartans Vs Zombies Defense,3
1823,Ether One,3
1826,The Slaughtering Grounds,3
1833,Star Ruler,3
1834,Artemis Spaceship Bridge Simulator,3
1838,Ironclad Tactics,3
1840,GUILTY GEAR Xrd -SIGN-,3
1841,Total Annihilation,3
1842,Jack Lumber,3
1843,Street Racing Syndicate,3
1846,Big Pharma,3
1847,Quest of Dungeons,3
1849,Jet Set Radio,3
1850,Joe Danger,3
1852,Jolly Rover,3
1853,Armada 2526,3
1857,Subspace Continuum,3
1861,Elven Legacy,3
1869,RUNNING WITH RIFLES,3
1870,Element4l,3
1871,CubeGun,3
1872,RPG Tycoon,3
1873,Intergalactic Bubbles,3
1875,Interplanetary,3
1877,RPG Maker 2003,3
1879,Shelter 2,3
1883,Anodyne,3
1884,Gunman Clive,3
1885,Seduce Me the Otome,3
1889,Secrets of Grindea,3
1891,The Adventures of Mr. Bobley,3
1892,Cradle,3
1893,Angels Fall First,3
1894,The Albino Hunter,3
1898,Hacker Evolution Duality,3
1901,Cosmonautica,3
1902,Teslagrad,3
1903,Terrorhedron,3
1904,Grimind,3
1910,Fiesta Online NA,3
1914,Ship Simulator Extremes,3
1915,Fieldrunners 2,3
1916,Fieldrunners,3
1917,Fingerbones,3
1919,Tank Universal,3
1920,Coin Crypt,3
1921,Guild of Dungeoneering,3
1923,Samorost 2,3
1924,Ampu-Tea,3
1927,Basement,3
1929,Sol Survivor,3
1931,Hero of the Kingdom,3
1934,Survivor Squad,3
1935,Solar Flux,3
1938,Evolution RTS,3
1940,Tales Runner,3
1941,Road Not Taken,3
1942,Soul Gambler,3
1944,Super Time Force Ultra,3
1945,Space Empires IV Deluxe,3
1947,Alpha Prime,3
1952,Simply Chess,3
1955,SUPER DISTRO,3
1958,Crazy Machines,3
1959,The Guild Gold Edition,3
1961,Gomo,3
1962,SNOW,3
1965,HeXen II,3
1968,Commando Jack,3
1970,Chaos Domain,3
1975,War of the Vikings,3
1978,Year Walk,3
1982,Major Mayhem,3
1983,Desktop Dungeons,3
1984,Dogfight 1942,3
1990,Neverending Nightmares,3
1992,War of the Human Tanks,3
1993,Platypus II,3
1994,Carpe Diem,3
1996,Zack Zero,3
1999,Pink Heaven,3
2000,Phoenix Force,3
2002,NOT A HERO,3
2003,Labyronia RPG,3
2004,Absolute Drift,3
2005,Delver,3
2006,Dementium II HD,3
2007,Daylight,3
2010,Layers of Fear,3
2011,Yury,3
2012,Democracy 2,3
2014,New kind of adventure,3
2017,Nightbanes,3
2018,Not The Robots,3
2022,One Manga Day,3
2024,Wildlife Park 3,3
2026,Cannons Lasers Rockets,3
2027,Booster Trooper,3
2028,Lucius II,3
2029,Cannon Brawl,3
2030,Offspring Fling!,3
2031,Dig or Die,3
2033,Wolfenstein 3D,3
2035,A New Beginning - Final Cut,3
2036,Call to Arms,3
2037,Lost Horizon,3
2039,Lords of the Black Sun,3
2041,Cargo Commander,3
2044,Wasteland Angel,3
2045,Break Into Zatwor,3
2047,Way of the Samurai 4,3
2048,Divine Divinity,3
2049,Nimbus,3
2053,No Time To Explain Remastered,3
2054,Bloody Good Time,3
2057,DisplayFusion,3
2064,CaesarIA,3
2065,how do you Do It?,3
2067,Kingdoms CCG,3
2068,Vertical Drop Heroes HD,3
2070,Action! - Gameplay Recording and Streaming,3
2071,Puzzle Agent 2,3
2072,Black Ink,3
2073,Pressured,3
2074,Two Worlds II Castle Defense,3
2077,Primordia,3
2080,Blackguards 2,3
2082,Blaster Shooter GunGuy!,3
2083,Pro Cycling Manager 2013,3
2084,Aeon Command,3
2086,Pro Cycling Manager 2015,3
2087,Dungeon Hearts,3
2089,Moon Breakers,3
2090,Pro Evolution Soccer 2016,3
2092,Metaverse Construction Kit,3
2095,Deadfall Adventures,3
2096,Kairo,3
2097,0RBITALIS,3
2098,Blitzkrieg Anthology,3
2099,Knock-knock,3
2100,Dream Of Mirror Online,3
2103,Zombie Shooter 2,3
2104,Zombie Driver HD,3
2105,Blitzkrieg 2 Anthology,3
2108,Achron,3
2109,Voices from the Sea,3
2110,Pyramid Raid,3
2112,Death Rally,3
2113,Kinetic Void,3
2116,Deadly 30,3
2121,Tap Heroes,2
2124,eden*,2
2126,Still Life,2
2129,Freedom Fall,2
2130,Teddy Floppy Ear - The Race,2
2132,iBomber Defense,2
2137,Strategic War in Europe,2
2138,World of Zoo,2
2141,inMomentum,2
2142,Dev Guy,2
2143,10 Second Ninja,2
2145,bit Dungeon II,2
2146,Demonicon,2
2147,Aqua Kitty - Milk Mine Defender,2
2150,Syder Arcade,2
2151,Convoy,2
2152,Super Motherload,2
2153,Flight of the Icarus,2
2157,Zombie Zoeds,2
2158,Swarm Arena,2
2159,Deathtrap,2
2160,Defend Your Life,2
2161,Delve Deeper,2
2162,Zero Gear,2
2164,Supreme Ruler 2020 Gold,2
2167,Darksiders II Deathinitive Edition,2
2168,Final Dusk,2
2169,16bit Trader,2
2175,Zeno Clash 2,2
2176,DeadCore,2
2180,Firefighters 2014,2
2181,Firefly Online Cortex,2
2183,AquaNox,2
2185,Contraption Maker,2
2186,TIS-100,2
2187,THE KING OF FIGHTERS 2002 UNLIMITED MATCH,2
2188,Contrast,2
2189,Sword Coast Legends,2
2193,To End All Wars,2
2194,Tiny Troopers,2
2195,Droid Assault,2
2196,Tiny Brains,2
2197,Tinboy,2
2200,Timberman,2
2202,English Country Tune,2
2204,Akane the Kunoichi,2
2205,Theatre of War,2
2206,Escape,2
2207,Dream,2
2208,The Witcher Adventure Game,2
2209,Escape Rosecliff Island,2
2210,Crusader Kings Complete,2
2211,Esenthel Engine,2
2213,Void Destroyer,2
2214,Drakensang,2
2217,Voxelized,2
2218,Eufloria HD,2
2219,Euro Fishing,2
2224,Farm for your Life,2
2226,DARK,2
2228,Age of Wonders Shadow Magic,2
2230,Dynamite Jack,2
2231,Tree of Life,2
2234,Age of Wonders,2
2235,Earth 2150 Trilogy,2
2242,Ubersoldier II,2
2243,Dungeon Souls,2
2247,Air Brawl,2
2248,Cubemen 2,2
2249,Unmechanical,2
2252,Unstoppable Gorg,2
2254,Crystals of Time,2
2255,The Silent Age,2
2258,Walkover,2
2260,FOTONICA,2
2264,Weapons Genius,2
2265,The Detail,2
2268,The Collider,2
2269,Faces of War,2
2270,Fading Hearts,2
2272,White Noise Online,2
2273,The Clockwork Man,2
2274,The Cat and the Coup,2
2277,Wildlife Park 2,2
2278,The Book of Unwritten Tales 2,2
2280,Famaze,2
2281,Wings! Remastered Edition,2
2282,Fancy Skulls,2
2283,The 7th Guest,2
2284,A Walk in the Dark,2
2285,A Valley Without Wind 2,2
2286,FarSky,2
2289,Crazy Plant Shop,2
2290,Wasteland 1 - The Original Classic,2
2293,Crimsonland,2
2294,The Repopulation,2
2295,Absconding Zatwor,2
2296,Downwell,2
2297,Daikatana,2
2298,War of Beach,2
2299,Cricket Revolution,2
2300,The Night of the Rabbit,2
2301,The Next BIG Thing,2
2302,The Mean Greens - Plastic Warfare,2
2303,The Marvellous Miss Take,2
2304,The Lost Crown,2
2306,American Conquest,2
2310,The Incredible Adventures of Van Helsing III,2
2311,FATE,2
2312,Cricket Captain 2014,2
2313,The Guild II - Pirates of the European Seas,2
2316,The Golf Club,2
2317,Warhammer Quest,2
2319,The Fifth Day,2
2320,Stellar 2D,2
2321,Slam Bolt Scrappers,2
2322,Startopia,2
2323,Puddle,2
2324,Kidnapped,2
2326,Black Mirror,2
2328,Karos Returns,2
2329,Puzzle Pirates,2
2331,KAMI,2
2332,Journey of a Roach,2
2337,Jagged Alliance Flashback,2
2338,Chaser,2
2339,Big Brain Wolf,2
2341,Chainsaw Warrior,2
2342,ProtoGalaxy,2
2343,Beyond Divinity,2
2345,Pirates of Black Cove,2
2346,Platypus,2
2348,Blob From Space,2
2350,Port Royale 2,2
2351,Port of Call,2
2352,Power-Up,2
2353,Praetorians,2
2355,Kingdoms Rise,2
2357,Kingdom Tales 2,2
2358,Cat Goes Fishing,2
2359,Pro Cycling Manager 2014,2
2361,Project Explore,2
2362,ROCKETSROCKETSROCKETS,2
2363,Starlaxis Supernova Edition,2
2364,Roogoo,2
2365,Remnants Of Isolation,2
2366,Reprisal Universe,2
2367,Republique,2
2369,Hylics,2
2370,Hunting Unlimited 2010,2
2371,Restaurant Empire II,2
2372,Retention,2
2373,Humanity Asset,2
2374,Retro/Grade,2
2375,Revelations 2012,2
2377,Rise of the Argonauts,2
2378,Rising World,2
2379,Hollywood Visionary,2
2386,Beast Boxing Turbo,2
2387,Influent,2
2388,Infinifactory,2
2389,Rake,2
2391,Chroma Squad,2
2392,Bermuda,2
2394,Incredipede,2
2395,Real Horror Stories Ultimate Edition,2
2397,Immortal Empire,2
2398,Cinders,2
2399,Ikaruga,2
2400,Ignite,2
2401,If My Heart Had Wings,2
2402,Ichi,2
2405,Patrician III,2
2406,Pat & Mat,2
2407,Burstfire,2
2408,Burgers,2
2418,Maia,2
2421,Nimble Quest,2
2423,Mad Games Tycoon,2
2427,Blood Knights,2
2429,Mini Ninjas,2
2435,Metrocide,2
2436,Mitsurugi Kamui Hikae,2
2438,Merchants of Kaidan,2
2444,Mutant Mudds Deluxe,2
2445,Myst V,2
2446,MXGP - The Official Motocross Videogame,2
2447,Noir Syndrome,2
2448,MURI,2
2450,Card City Nights,2
2451,Overture,2
2452,Light of Altair,2
2453,Cards and Castles,2
2455,BloodRayne Betrayal,2
2457,BloodRayne 2,2
2459,Legends of Eisenwald,2
2461,Paint the Town Red,2
2463,Panzer Corps,2
2466,Larva Mortus,2
2468,Over 9000 Zombies!,2
2469,Outcast 1.1,2
2471,Nux,2
2473,OTTTD,2
2475,M.U.D. TV,2
2476,Of Guards And Thieves,2
2477,OlliOlli,2
2478,Lucid,2
2480,Lovely Planet,2
2484,Bob Was Hungry,2
2485,Orborun,2
2488,RPG Maker XP,2
2489,Rugby League Team Manager 2015,2
2491,Shadow Puppeteer,2
2494,Automation - The Car Company Tycoon Game,2
2496,Autobahn Police Simulator,2
2497,Gray Matter,2
2498,Sherlock Holmes versus Jack the Ripper,2
2499,Auditorium,2
2500,ShootMania Storm,2
2506,Collapse,2
2507,Colin McRae Rally,2
2510,Scoregasm,2
2514,Secret Files Tunguska,2
2515,Secret Of Magia,2
2516,Cobi Treasure Deluxe,2
2518,Secret Ponchos,2
2521,Gun Metal,2
2523,Guilty Gear X2 #Reload,2
2524,Astebreed,2
2526,Babel Rising,2
2527,Skyscraper Simulator,2
2528,Split/Second,2
2529,Spoiler Alert,2
2530,Game Tycoon 1.5,2
2531,Squad,2
2532,Game Character Hub,2
2533,Star Crusade CCG,2
2534,Star Ruler 2,2
2537,Armello,2
2538,Star Wolves,2
2540,GALAK-Z,2
2542,Full Spectrum Warrior,2
2544,Spermination,2
2545,Gaokao.Love.100Days,2
2547,Skyward Collapse,2
2548,Mighty Gunvolt,2
2549,Assault Android Cactus,2
2550,Gods Will Be Watching,2
2556,Sorcerer King,2
2558,Space Ace,2
2560,Gemini Wars,2
2561,BIT.TRIP FATE,2
2562,Shadows of War,2
2565,Close Your Eyes,2
2568,SEGA Bass Fishing,2
2569,Heavy Bullets,2
2573,Cloudbuilt,2
2575,STARWHAL,2
2577,Salvation Prophecy,2
2579,SC2VN - The eSports Visual Novel,2
2580,Runaway A Road Adventure,2
2581,Bardbarian,2
2582,Coniclysm,1
2583,BattleSpace,1
2585,CreaVures,1
2586,Amazing Adventures Around the World,1
2587,DarkEnd,1
2588,CameraBag 2,1
2589,Antisquad,1
2591,Borderless Gaming,1
2592,Battlegrounds of Eldhelm,1
2593,A Golden Wake,1
2595,Call of Tomsk-7,1
2596,Critter Crunch,1
2597,Controller Companion,1
2599,99 Spirits,1
2601,1000 Amps,1
2602,Apollo4x,1
2604,9.03m,1
2605,Ashes of the Singularity,1
2606,Critical Mass,1
2608,Breezeblox,1
2611,A-Train 8,1
2613,Alone in the Dark,1
2614,Dangerous Waters,1
2615,APOX,1
2616,Bloodwood Reload,1
2617,Clergy Splode,1
2619,Another Perspective,1
2620,Cosmic DJ,1
2621,Captain Forever Remix,1
2622,Dark Echo,1
2624,Asteria,1
2625,Blue Rose,1
2626,Corporate Lifestyle Simulator,1
2628,Close Combat - Gateway to Caen,1
2629,Clash of Puppets,1
2632,Boid,1
2633,Boo Bunny Plague,1
2634,Amazing Princess Sarah,1
2636,Crouching Pony Hidden Dragon,1
2637,A.R.E.S. Extinction Agenda EX,1
2638,Alganon,1
2639,Bridge Constructor Medieval,1
2640,Darkout,1
2641,Civil War II,1
2645,Alter World,1
2647,Clickr,1
2648,Arms Dealer,1
2650,Constant C,1
2651,Bus-Simulator 2012,1
2652,3 Stars of Destiny,1
2654,CAFE 0 ~The Drowned Mermaid~,1
2655,Conquest of Champions,1
2656,1Quest,1
2657,Battle Brothers,1
2662,CRYENGINE,1
2664,CRYPTARK,1
2667,Armikrog,1
2668,3089 -- Futuristic Action RPG,1
2669,David.,1
2671,Arcane Worlds,1
2674,Ascendant,1
2675,Broken Sword 3 - the Sleeping Dragon,1
2676,Broken Sword 4 - the Angel of Death,1
2677,Clockwork Empires,1
2678,Anomaly Warzone Earth Mobile Campaign,1
2680,500 Years Act 1,1
2682,Clickteam Fusion 2.5,1
2684,Claire,1
2686,Build-A-Lot,1
2688,Darkstone,1
2689,3DMark 11,1
2690,Arcadia,1
2694,Bullet Heaven 2,1
2695,15 Days,1
2696,City Life 2008,1
2697,Battle Group 2,1
2698,Back to Bed,1
2699,AR-K,1
2700,Bejeweled Deluxe,1
2702,Clutch,1
2703,Ancient Space,1
2705,BAD END,1
2707,Bionic Commando,1
2709,Azure Striker Gunvolt,1
2712,Bad Hotel,1
2715,Black Ice,1
2716,Chuzzle Deluxe,1
2721,Angry Birds Space,1
2722,Angvik,1
2724,Afterlife Empire,1
2727,Blackwell Convergence,1
2728,D.U.S.T.,1
2729,Cherry Tree High Comedy Club,1
2731,Big Money! Deluxe,1
2732,BIT.TRIP VOID,1
2733,Crawl,1
2734,An Assassin in Orlandes,1
2736,Choice of the Deathless,1
2737,Choice of Robots,1
2739,Choice Chamber,1
2740,Better Late Than DEAD,1
2744,Anachronox,1
2745,BIT.TRIP CORE,1
2746,Beyond Eyes,1
2750,Beyond Space,1
2751,Cubot,1
2752,Cultures - Northland,1
2755,Cherry Tree High I! My! Girls!,1
2756,Cyto,1
2758,Ancient Planet,1
2759,Catmouth Island,1
2760,Airline Tycoon Deluxe,1
2763,Akuatica,1
2766,Autocraft,1
2769,Abducted,1
2771,Blood of the Werewolf,1
2772,BloodLust Shadowhunter,1
2773,Comanche 4,1
2776,Cloud Chamber,1
2777,Damnation,1
2779,BloodRayne,1
2780,Damnation City of Death,1
2781,Cosmophony,1
2782,Crazy Taxi,1
2783,Carmageddon Max Pack,1
2784,Ballad of Solar,1
2785,AXYOS,1
2786,Crowntakers,1
2788,Bloodbath Kavkaz,1
2789,Anomaly Korea,1
2795,Adventurer Manager,1
2796,Circuits,1
2797,Airport Simulator 2014,1
2798,BlazeRush,1
2800,Adventure Park,1
2803,Actual Sunlight,1
2804,Avernum 6,1
2807,Avernum 4,1
2808,Bedlam,1
2809,Avernum 5,1
2811,Castle In The Darkness,1
2812,Colonial Conquest,1
2813,Citadels,1
2814,Battle Academy,1
2817,DRAKERZ-Confrontation,1
2818,Blockscape,1
2819,Castle,1
2820,Atlantica Online,1
2821,Lumino City,1
2825,Science Girls,1
2826,Season Match 3 - Curse of the Witch Crow,1
2830,Septerra Core,1
2832,Servo,1
2833,Seven Kingdoms 2 HD,1
2835,Shadow Man,1
2836,Shadow of Kingdoms,1
2837,Shallow Space,1
2840,Shark Attack Deathmatch 2,1
2841,Shattered Planet,1
2842,Shattered Union,1
2844,Sherlock Holmes and The Hound of The Baskervilles,1
2849,Runers,1
2851,SAMURAI WARRIORS 4-II,1
2853,SPACECOM,1
2856,Sakura Swim Club,1
2857,Salt,1
2859,Saturday Morning RPG,1
2865,Samantha Swift and the Golden Touch,1
2867,Sandmason,1
2868,Sanitarium,1
2869,Shiny The Firefly,1
2870,Shipwreck,1
2872,Showtime!,1
2873,Spriter Pro,1
2874,Squirreltopia,1
2877,Stardust Vanguards,1
2879,Starion Tactics,1
2880,Starscape,1
2881,Starseed Pilgrim,1
2882,Stellar Impact,1
2883,Steredenn,1
2885,Stonerid,1
2890,Sublevel Zero,1
2891,Submerged,1
2894,Spooky Cats,1
2895,Splatter - Blood Red Edition,1
2896,SpellForce 2 - Demons of the Past,1
2897,Smooth Operators,1
2898,SickBrick,1
2899,Signal Ops,1
2902,Silverfall,1
2903,SimpleRockets,1
2904,Sky Nations,1
2905,SlamIt Pinball Big Score,1
2906,Slip,1
2907,Snapshot,1
2908,Speed Kills,1
2911,Sokobond,1
2914,Space Empires V,1
2915,Space Siege,1
2916,Space Warp,1
2918,Rune Classic,1
2920,Rulers of Nations,1
2922,Probably Archery,1
2923,Project AURA,1
2924,Psycho Starship Rampage,1
2930,Puzzle Bots,1
2931,Puzzle Chronicles,1
2932,Puzzle Dimension,1
2933,Puzzle Quest 2,1
2935,Puzzler World 2,1
2939,Quarries of Scred,1
2940,Qvadriga,1
2941,R.B.I. Baseball 15,1
2942,R.O.O.T.S,1
2943,Pro Rugby Manager 2015,1
2946,Point Perfect,1
2947,Party Hard,1
2949,Pineview Drive,1
2950,Pink Hour,1
2952,Pixel Space,1
2954,Planet of the Eyes,1
2955,Planets Under Attack,1
2956,Pongo,1
2960,Post Mortem,1
2961,Potatoman Seeks the Troof,1
2962,Pound of Ground,1
2963,Pre-Civilization Marble Age,1
2964,Pressure,1
2965,Pretty Girls Mahjong Solitaire,1
2966,Pride of Nations,1
2968,RECYCLE,1
2970,RoboBlitz,1
2971,Reverse Crawl,1
2974,Rhythm Destruction,1
2976,Ride! Carnival Tycoon,1
2977,Riding Star,1
2978,Rigonauts,1
2980,Robot Rescue Revolution,1
2981,Return to Mysterious Island 2,1
2982,Rogue Trooper,1
2983,Rogue Warrior,1
2985,Roguelands,1
2989,Rotieer,1
2990,Royal Defense,1
2991,Reveal The Deep,1
2992,Retrovirus,1
2995,RONIN,1
2996,RPG Maker 2000,1
2997,RPG Maker MV,1
2999,Railroad Pioneer,1
3002,Reach for the Sun,1
3004,Realms of Arkania 3 - Shadows over Riva Classic,1
3005,Retro-Pixel Castles,1
3006,Realms of the Haunting,1
3007,Reaper - Tale of a Pale Swordsman,1
3010,Red Stone Online,1
3011,Redshirt,1
3013,Rescue Team 5,1
3015,Sunrider Academy,1
3016,Super Chibi Knight,1
3019,Vlad the Impaler,1
3020,VoidExpanse,1
3021,Volt,1
3022,Volume,1
3023,Vox,1
3030,Warehouse and Logistics Simulator,1
3036,Waves,1
3042,Vintage Year,1
3043,Unholy Heights,1
3044,Tryst,1
3046,Twin Sector,1
3047,TyranoBuilder Visual Novel Studio,1
3051,Undead Overlord,1
3054,Viking Brothers,1
3055,Unium,1
3057,Urizen Shadows of the Cold,1
3058,Vagante,1
3059,Velocibox,1
3061,Victory At Sea,1
3065,Wildlife Park 2 - Dino World,1
3067,Wildlife Park 2 - Marine World,1
3069,Z,1
3070,ZOMBI,1
3072,Zombie Grinder,1
3074,Zoombinis,1
3075,Zotrix,1
3076,Zuma Deluxe,1
3077,aerofly RC 7,1
3080,hocus,1
3081,iBomber Attack,1
3082,iO,1
3084,oO,1
3085,planetarian ~the reverie of a little planet~,1
3086,rFactor,1
3087,rFactor 2,1
3088,rymdkapsel,1
3090,You Must Build A Boat,1
3092,World Basketball Manager 2010,1
3095,Without Within,1
3097,Wizardry 8,1
3102,World of Mixed Martial Arts 3,1
3103,Yesterday,1
3105,Worms,1
3106,Written in the Sky,1
3108,X-note,1
3110,Xpand Rally Xtreme,1
3113,Trucks & Trailers,1
3114,Trouble In The Manor,1
3115,Triple Town,1
3117,The 39 Steps,1
3118,The Adventures of Tree,1
3119,The Age of Decadence,1
3121,The Black Watchmen,1
3122,The Bug Butcher,1
3124,The Chaos Engine,1
3125,The Clans - Saga of the Twins,1
3128,The Curious Expedition,1
3129,The Deer,1
3131,The Dreamatorium of Dr. Magnus 2,1
3133,The Entente Gold,1
3134,The Few,1
3136,The Flame in the Flood,1
3137,The Floor is Jelly,1
3138,Tetrobot and Co.,1
3142,Super Hipster Lumberjack,1
3143,Super Panda Adventures,1
3144,Super Puzzle Platformer Deluxe,1
3145,Super Splatters,1
3146,SuperPower 2 Steam Edition,1
3147,Sweet Lily Dreams,1
3150,T.E.C. 3001,1
3155,TUG,1
3157,Talismania Deluxe,1
3158,Taxi,1
3158,Taxi,1
3159,Teddy Floppy Ear - Kayaking,1
3160,Teddy Floppy Ear - Mountain Adventure,1
3162,The Gate,1
3163,The Good Life,1
3164,The Graveyard,1
3166,The Yawhg,1
3169,Theme Park Studio,1
3170,Thief Town,1
3171,Third Eye Crime,1
3172,Thunder Wolves,1
3173,Tiamat X,1
3175,Tkl Online,1
3176,The Whispered World Special Edition,1
3177,Toast Time,1
3181,Towtruck Simulator 2015,1
3182,Toybox Turbos,1
3190,The Impossible Game,1
3192,The Inner World,1
3193,The Jackbox Party Pack 2,1
3194,The Lady,1
3195,The Magic Circle,1
3196,The Masterplan,1
3197,The Moon Sliver,1
3199,The Nightmare Cooperative,1
3200,The Universim,1
3202,The Political Machine 2016,1
3203,The Samaritan Paradox,1
3204,The Secret of Tremendous Corporation,1
3205,The Stalin Subway,1
3206,The Sun at Night,1
3207,The Swindle,1
3208,The UnderGarden,1
3209,The Undying Plague,1
3210,Particulars,1
3211,Parkan 2,1
3212,Parcel,1
3215,Formula Fusion,1
3216,Forsaken Uprising,1
3217,Fortix 2,1
3219,Franchise Hockey Manager 2,1
3220,Freaking Meatbags,1
3224,Freight Tycoon Inc.,1
3225,Fritz Chess 14,1
3226,GASP,1
3228,GUILTY GEAR XX ACCENT CORE PLUS R,1
3230,GamersGoMakers,1
3231,Games of Glory,1
3232,Gateways,1
3233,GemCraft - Chasing Shadows,1
3235,Ford Racing 3,1
3236,Football Tactics,1
3237,Foosball - Street Edition,1
3240,Fall of the New Age Premium Edition,1
3242,Farlight Explorers,1
3243,Farm Machines Championships 2014,1
3244,Farming Giant,1
3245,Farming World,1
3247,Fat Chicken,1
3248,Fiends of Imprisonment,1
3252,Final Slam 2,1
3253,Finding Teddy,1
3255,Fire,1
3256,Fist Puncher,1
3257,Flashback,1
3258,Flesh Eaters,1
3264,Habitat,1
3265,Halfway,1
3267,Hard Truck Apocalypse / Ex Machina,1
3268,Hardland,1
3269,Hate Plus,1
3270,Haunted,1
3277,Heli Heroes,1
3278,Hello Kitty and Sanrio Friends Racing,1
3281,Heroes of a Broken Land,1
3282,Hexcells,1
3283,Hidden Object Bundle 4 in 1,1
3284,Gunslugs 2,1
3285,Gunship!,1
3286,Gundemonium Recollection,1
3287,Great Permutator,1
3288,Glare,1
3290,Glowfish,1
3291,Gold Rush! Classic,1
3292,Gorky 17,1
3294,Grand Class Melee 2,1
3295,Gravity Badgers,1
3296,Gravity Ghost,1
3298,GundeadliGne,1
3301,Grotesque Tactics 2 - Dungeons and Donuts,1
3302,Guardians of Graxia,1
3304,Guild Commander,1
3305,Guild Wars Trilogy,1
3306,Guilty Gear Isuka,1
3307,GunWorld,1
3308,Fair Strike,1
3309,Face Noir,1
3310,FRONTIERS,1
3311,FRACT OSC,1
3314,Dive to the Titanic,1
3316,Dodge,1
3318,Don Bradman Cricket 14,1
3319,Doodle God,1
3320,Down To One,1
3321,Draconian Wars,1
3322,Dracula Origin,1
3327,Dream Pinball 3D,1
3328,Dreaming Sarah,1
3329,Driftmoon,1
3330,Drunken Robot Pornography,1
3334,Disciples Sacred Lands Gold,1
3337,Deadly Profits,1
3338,Death Skid Marks,1
3340,Delta Force 2,1
3346,Depths of Peril,1
3347,DinerTown Tycoon,1
3350,Detective Grimoire,1
3351,Devils Share,1
3352,Dex,1
3353,Diamond Dan,1
3359,Dustoff Heli Rescue,1
3360,European Ship Simulator,1
3361,Eradicator,1
3363,Escape Machines,1
3367,Etherium,1
3368,Etherlords II,1
3369,Eurofighter Typhoon,1
3371,Environmental Station Alpha,1
3374,Executive Assault,1
3378,FINAL FANTASY IV,1
3379,FIST OF AWESOME,1
3381,Epic Cards Battle(TCG),1
3384,Echelon,1
3385,Dysan the Shapeshifter,1
3386,ENKI,1
3392,Eastside Hockey Manager,1
3393,Eaten Alive,1
3394,Echo of the Wilds,1
3396,Eidolon,1
3397,Electric Highways,1
3399,Eleusis,1
3401,Else Heart.Break(),1
3404,Empire TV Tycoon,1
3407,Hitogata Happa,1
3410,Mystery of Neuschwanstein,1
3415,NaissanceE,1
3430,Mushroom 11,1
3431,Mr. Robot,1
3432,Mr. Bree+,1
3433,MirrorMoon EP,1
3434,Max and the Magic Marker,1
3436,Memento Mori 2,1
3438,Metal Planet,1
3439,Millennium - A New Hope,1
3440,Millie,1
3441,Mini Motor Racing EVO,1
3442,Minimon,1
3444,Movie Studio 13 Platinum - Steam Powered,1
3446,Monochroma,1
3447,Monster Bash,1
3448,Monster Loves You!,1
3452,Motorbike,1
3456,Naval Warfare,1
3457,Our Darker Purpose,1
3459,Oniken,1
3464,Organic Panic,1
3465,Original War,1
3472,Pacific Storm,1
3473,Pacific Storm Allies,1
3476,Panzer Tactics HD,1
3477,Paper Sorcerer,1
3479,Omegalodon,1
3481,Nimble Writer,1
3485,Nevermind,1
3486,New Star Soccer 5,1
3492,Ohm Studio,1
3494,Numba Deluxe,1
3497,Obludia,1
3498,Obscure,1
3501,Oh...Sir!,1
3502,Max Gentlemen,1
3504,Homebrew - Vehicle Sandbox,1
3505,Manyland,1
3507,Ironcast,1
3508,Island Flight Simulator,1
3509,Ittle Dew,1
3510,Jack Keane,1
3516,Jumpdrive,1
3517,Just Get Through,1
3518,KWAAN,1
3519,Karate Master 2 Knock Down Blow,1
3520,Keen Dreams,1
3521,Khet 2.0,1
3522,Kill Fun Yeah,1
3523,Kill The Bad Guy,1
3525,King of Dragon Pass,1
3527,Invisible Apartment,1
3530,Iesabel,1
3531,Hook,1
3532,Horizon Shift,1
3534,Hotel Giant 2,1
3536,Hyper Fighters,1
3538,INK,1
3540,Imagine Earth,1
3541,Into The War,1
3543,Imperial Glory,1
3544,Incoming Forces,1
3545,Industry Giant 2,1
3546,Infect and Destroy,1
3547,Insane 2,1
3548,Inside The Gear,1
3550,International Snooker,1
3553,Kings of Kung Fu,1
3555,Little Farm,1
3557,Lords of the Realm II,1
3560,Lunch Truck Tycoon,1
3561,MDK,1
3562,METAL SLUG X,1
3564,MX vs. ATV Supercross Encore,1
3565,Lilly Looking Through,1
3570,Magnetic By Nature,1
3571,Mainland,1
3573,Make it indie!,1
3575,Little Big Adventure 2,1
3577,Knightmare Tower,1
3581,Korwin The Game,1
3582,Kuros,1
3583,Kyn,1
3584,LA Cops,1
3587,Lamia Must Die,1
3588,Last Word,1
3589,Lightfish,1
3591,Legend of Fae,1
3592,Legends of Aethereus,1
3596,Life is Hard,1
3597,Life of Pixel,1
3598,Light,1
